url,type,source
http://radiouyuyuy.com/programas-especiales,defacement,Malicious URLs Dataset (Kaggle)
http://www.real-house.nl/component/rafcloud/1687/tonen.html?ordering=popular&searchphrase=exact,defacement,Malicious URLs Dataset (Kaggle)
dzhassani.ns11-wistee.fr/paypal/1f765a9cdd5e1726c2cc37ed4a9b948d/,phishing,Malicious URLs Dataset (Kaggle)
http://www.mustanggt.org/personal/logon/lloyds/1nt3rnet.php,phishing,Malicious URLs Dataset (Kaggle)
http://www.electroestimulacion.net/sejeal.jpg,defacement,Malicious URLs Dataset (Kaggle)
plg.uwaterloo.ca/~holt/papers/fatal_disease.html,benign,Malicious URLs Dataset (Kaggle)
http://www.jubileebibles.com/wp-content/uploads/9ha/,phishing,Malicious URLs Dataset (Kaggle)
http://149.3.67.101:60750/Mozi.m,malware,Malicious URLs Dataset (Kaggle)
https://mail28282.icu/,phishing,Malicious URLs Dataset (Kaggle)
catherineslegacy.org/,benign,Malicious URLs Dataset (Kaggle)
calcuttatube.com/abhishek-aishwarya-in-hindi-thriller/21524/,benign,Malicious URLs Dataset (Kaggle)
http://www.multimediaweb.eu/it/component/content/article/34-gossips/55-video.html,defacement,Malicious URLs Dataset (Kaggle)
http://199.195.249.47/ap/ad.arm7,malware,Malicious URLs Dataset (Kaggle)
womc.radio.com/contact/,benign,Malicious URLs Dataset (Kaggle)
www.tyre-asia.com/logs/COPYRIGHT.php,phishing,Malicious URLs Dataset (Kaggle)
http://clinicavisualiza.com/es/nuestros-servicios/examenes-oftalmologicos.html,defacement,Malicious URLs Dataset (Kaggle)
everything.explained.at/contents/list_INT.htm,benign,Malicious URLs Dataset (Kaggle)
http://27.11.93.215:51874/Mozi.m+-O+/tmp/netgear;sh+netgear&curpath=/&currentsetting.htm=1,malware,Malicious URLs Dataset (Kaggle)
www.fun-shop.com/makeup.htm,benign,Malicious URLs Dataset (Kaggle)
writing.upenn.edu/~afilreis/50s/home.html,benign,Malicious URLs Dataset (Kaggle)
http://23.254.227.63/0xxx0xxxasdajshdsajhkgdja/Sa0aS.arm6,malware,Malicious URLs Dataset (Kaggle)
360cities.net/image/allen-county-courthouse-fort-wayne-indiana-in-fort-wayne-indiana-usa-by-benedict-kim,benign,Malicious URLs Dataset (Kaggle)
npr.org/artists/15170563/sunset-rubdown,benign,Malicious URLs Dataset (Kaggle)
julian-voss.de/wp-content/themes/teamsoft/cache/txt/save/your/payment/dir/2bc019494470a40d07eeabe2f267ea55/,phishing,Malicious URLs Dataset (Kaggle)
thebiglead.com/index.php/2011/07/24/jay-cutler-kristin-cavallari-may-have-broken-up/,benign,Malicious URLs Dataset (Kaggle)
http://cbdadhacks.com/ionos/zimbra/index.php,phishing,Malicious URLs Dataset (Kaggle)
http://125.44.213.79:48075/Mozi.m,malware,Malicious URLs Dataset (Kaggle)
http://citilinkmoneyexchange.com.au/index.html?m=201207,defacement,Malicious URLs Dataset (Kaggle)
http://www.slcchurch.org/app/images/cs/amazon2/23314523a4fa5692279e6bd209833c86/index/webscr.php,malware,Malicious URLs Dataset (Kaggle)
http://ut63899.0adz.com/feedback/feedback.html,phishing,Malicious URLs Dataset (Kaggle)
http://162.212.115.218:59994/Mozi.m,malware,Malicious URLs Dataset (Kaggle)
http://5.206.227.18/bot.mips,malware,Malicious URLs Dataset (Kaggle)
http://www.hogardenazaret.com/administrator,defacement,Malicious URLs Dataset (Kaggle)
http://49.89.195.43:40712/Mozi.m,malware,Malicious URLs Dataset (Kaggle)
http://www.tjmdrilltools.com/foremost/about-foremost.html,defacement,Malicious URLs Dataset (Kaggle)
http://www.webconference.su/index.php?option=com_content&view=article&id=46&Itemid=57,defacement,Malicious URLs Dataset (Kaggle)
http://yyydy.com/a/bczx/2013/0129/6.html,defacement,Malicious URLs Dataset (Kaggle)
realestatevine.ca/property/80826-place-pageau-laval-qc,benign,Malicious URLs Dataset (Kaggle)
http://tanzaniawerkgroeptilburg.nl/en/aboutus/aboutus,defacement,Malicious URLs Dataset (Kaggle)
http://221.5.31.165:58700/Mozi.m,malware,Malicious URLs Dataset (Kaggle)
http://panthawas.com//jquery-ui-1.10.3.custom/js/jquery-ui-1.10.3.custom.min.js,malware,Malicious URLs Dataset (Kaggle)
http://rebate-online-forms-taxrefunds-hmrc.gov.uk.albarentacarkayseri.com/7c75568d6d57aea5f95b7c074efa7aae/,phishing,Malicious URLs Dataset (Kaggle)
http://haishundl.com/a/qinpengqipaiguanfangxiazai/20131019/263.html,malware,Malicious URLs Dataset (Kaggle)
http://114.239.112.118:53998/Mozi.m,malware,Malicious URLs Dataset (Kaggle)
http://www.cornga.com/index.php/web-links/2-joomla-specific-links/1-joomla,defacement,Malicious URLs Dataset (Kaggle)
rochesterfest.com/treasure/index.html,benign,Malicious URLs Dataset (Kaggle)
quonigeria.com,phishing,Malicious URLs Dataset (Kaggle)
paypal-verifizierung-deutschland.de/,phishing,Malicious URLs Dataset (Kaggle)
http://www.fzg-eu.de/index.php?option=com_jforms&view=form&id=1&Itemid=41,defacement,Malicious URLs Dataset (Kaggle)
paszto.ekif.hu,phishing,Malicious URLs Dataset (Kaggle)
http://bicmosfoundries.com/index.php?theme=custom&hstyle=header4,defacement,Malicious URLs Dataset (Kaggle)
http://rfmhvac.com/component/mailto/index.html?tmpl=component&link=bc6be53517c9fcc41109e782057657c6da17fbc0,defacement,Malicious URLs Dataset (Kaggle)
sfstation.com/t-i-t-s-erase-errata-grass-widow-e1427052,benign,Malicious URLs Dataset (Kaggle)
icloud-apple-icloud.net,phishing,Malicious URLs Dataset (Kaggle)
swco.ttu.edu/location/Manuscripts/CenterHPT_Inv.htm,benign,Malicious URLs Dataset (Kaggle)
https://www.123formbuilder.com/form-5116195/vysoka-skola-umeleckoprumyslova-v-praze,phishing,Malicious URLs Dataset (Kaggle)
bannistercreative.com/eBayISAPI.dll/Welcome1.htm,phishing,Malicious URLs Dataset (Kaggle)
www188.paypal.ca.34042.securessl-190.mx/js/web.apps/ca/m.pp/?cmnd=_lg&pageName=system_email_PP188,phishing,Malicious URLs Dataset (Kaggle)
mgoblue.com/sports/m-footbl/mtt/sagesse_renaldo00.html,benign,Malicious URLs Dataset (Kaggle)
http://gulfcoastlivingonline.net/where-to-find/dining-guide,defacement,Malicious URLs Dataset (Kaggle)
http://amh.ro/index.htm,phishing,Malicious URLs Dataset (Kaggle)
mapquest.com/maps?address=1145+Avenue+Union&city=Montr%C3%A9al&state=QC&zipcode=H3B+3C3&country=CA,benign,Malicious URLs Dataset (Kaggle)
http://www.feldhues.net/index.php?option=com_content&view=article&id=51&Itemid=62,defacement,Malicious URLs Dataset (Kaggle)
dancehall.mobi/,benign,Malicious URLs Dataset (Kaggle)
http://www.botoxina.com/index.php?option=com_content&view=category&layout=blog&id=43&Itemid=81&lang=en,defacement,Malicious URLs Dataset (Kaggle)
cd4e7902.whackyvidz.com/,phishing,Malicious URLs Dataset (Kaggle)
http://alfacig.com/index.php.1,defacement,Malicious URLs Dataset (Kaggle)
http://27.41.178.227:56391/Mozi.m,malware,Malicious URLs Dataset (Kaggle)
http://172.36.41.100:39111/Mozi.m,malware,Malicious URLs Dataset (Kaggle)
http://222.140.165.253:57612/Mozi.m,malware,Malicious URLs Dataset (Kaggle)
vkcoms.twohosting.com/,phishing,Malicious URLs Dataset (Kaggle)
brumfieldtax.com/,benign,Malicious URLs Dataset (Kaggle)
http://bearsselection.xyz/ApiServices-Files13377/Down/75810_VersionFlashPlayer.apk,malware,Malicious URLs Dataset (Kaggle)
http://81.17.16.122:42069/wp-admin/php64.arm,malware,Malicious URLs Dataset (Kaggle)
http://139.99.180.76/bins/arm5,malware,Malicious URLs Dataset (Kaggle)
'ncore.mine.bz/login5.php?returnto=\%2F',phishing,Malicious URLs Dataset (Kaggle)
http://www.wagnerwoelke.com.br/wp-content/themes/twentyten/languages/test/google,malware,Malicious URLs Dataset (Kaggle)
directory.tbo.com/2170704/Trawick-Henry-P-PA-Sarasota-FL,benign,Malicious URLs Dataset (Kaggle)
filmstone.com/film/pride-and-prejudice/63467.aspx,benign,Malicious URLs Dataset (Kaggle)
http://111.43.223.77:42503/Mozi.m,malware,Malicious URLs Dataset (Kaggle)
baslangicakademi.com/images/stories/motivacao/eng/eng.html,phishing,Malicious URLs Dataset (Kaggle)
www.waquarium.org/brie.html,benign,Malicious URLs Dataset (Kaggle)
http://www.kingsmillshotel.com/rooms-page,defacement,Malicious URLs Dataset (Kaggle)
askbiography.com/bio/Octavian_Goga.html,benign,Malicious URLs Dataset (Kaggle)
http://myimmobilier.com/index.php?%2Fassistance-fiscale.html,defacement,Malicious URLs Dataset (Kaggle)
blankass.com/foodrdv/webscr/id/,phishing,Malicious URLs Dataset (Kaggle)
http://www.jmarchitects.com.au/sejeal.jpg,defacement,Malicious URLs Dataset (Kaggle)
seattletimes.nwsource.com/html/nationworld/2013730242_apyedeaths.html,benign,Malicious URLs Dataset (Kaggle)
http://www.attow.com.br/index.php/pt.1,defacement,Malicious URLs Dataset (Kaggle)
http://42.237.52.155:58442/Mozi.m,malware,Malicious URLs Dataset (Kaggle)
paypal-activation.com/,phishing,Malicious URLs Dataset (Kaggle)
fastframeprints.com/ArtistList.aspx?l=t,benign,Malicious URLs Dataset (Kaggle)
http://178.ip-92-222-70.eu/SBIDIOT/arm,malware,Malicious URLs Dataset (Kaggle)
storepoweredfree.btsmetertaxi.com/,phishing,Malicious URLs Dataset (Kaggle)
americanidiotthemusical.com/,benign,Malicious URLs Dataset (Kaggle)
www.brandsolution.in/telemar/,phishing,Malicious URLs Dataset (Kaggle)
http://37.49.226.204/beastmode/b3astmode.x86,malware,Malicious URLs Dataset (Kaggle)
http://troop139.net/component/mailto/index.html?tmpl=component&link=8d6a6b87b1f2f4e628894f599bbda3b2c3c58218,defacement,Malicious URLs Dataset (Kaggle)
http://115.59.15.145:49712/Mozi.m,malware,Malicious URLs Dataset (Kaggle)
http://www.graz4u.at/de.html?start=5,defacement,Malicious URLs Dataset (Kaggle)
